hour,day_of_week,temperature,industrial_index,demand,lag_1,lag_24
0,1,24.45561727547482,1.1005168604336535,127.53110129033392,116.65514929045028,121.76759820806824
1,1,26.405017815222468,1.1650366745462555,131.00355562702217,127.53110129033392,130.27512708378376
2,1,26.3490064225777,0.6753712786234496,126.28998188973178,131.00355562702217,141.08926750279008
3,1,28.91123192427841,1.4144119459249598,148.1544135889889,126.28998188973178,140.21605599559481
4,1,28.729488329003384,0.9187705248920731,142.75232789118735,148.1544135889889,132.28135442617474
5,1,29.537935381652062,0.8831385282494975,142.82199428982463,142.75232789118735,146.55514848719565
6,1,29.398293387770604,1.0189177052828375,144.09986000496252,142.82199428982463,152.33785312577592
7,1,31.681907315954277,0.546965966775055,141.4156911279012,144.09986000496252,147.89116361087852
8,1,29.316629794184262,0.6662833687560794,139.78980364838645,141.4156911279012,131.50504520226332
9,1,27.47782297697684,1.2380336164263706,143.46081701340216,139.78980364838645,129.2147304624328
10,1,28.32254491210319,0.5827986679251265,128.33212104223904,143.46081701340216,125.6067139589173
11,1,25.073251575541583,1.103152109466388,125.86222709438566,128.33212104223904,145.00989607841825
12,1,25.208863595004754,0.745349109681321,117.12936839440982,125.86222709438566,117.82073346631522
13,1,21.746234650607622,0.8892956140419765,112.77451701796556,117.12936839440982,120.04286044227399
14,1,21.17181395110157,0.7886937367706999,106.28896603113928,112.77451701796556,107.27675682436076
15,1,21.66132732993639,0.8556727164649491,107.80412726834996,106.28896603113928,110.52018040852957
16,1,21.40833956107322,1.2190459051842455,113.70729296267828,107.80412726834996,111.43946689964298
17,1,20.34173914974463,0.797121715623175,103.55573261213227,113.70729296267828,112.03399058098725
18,1,19.88435171761176,1.0664046402968972,105.8852999069842,103.55573261213227,98.11455422638535
19,1,19.869267172965365,0.9760504021990997,106.05978905850064,105.8852999069842,94.0418860633057
20,1,19.191350990710383,1.1636711653626481,108.1892944952597,106.05978905850064,101.34423070260134
21,1,20.744621885672554,1.436829739324758,112.22837104691318,108.1892944952597,121.38281166086765
22,1,22.03936122904021,1.2325720972102503,115.91215822082916,112.22837104691318,122.08797869053991
23,1,24.76302700070631,0.7149403785907568,115.80440845503769,115.91215822082916,116.65514929045028
0,2,25.34361828956846,0.5311831350612847,112.6818150518393,115.80440845503769,127.53110129033392
1,2,24.53105507014987,0.7622640442998251,123.69536766731005,112.6818150518393,131.00355562702217
2,2,27.824083969394795,1.095077930700255,142.14197904982578,123.69536766731005,126.28998188973178
3,2,28.15045162551642,0.5514258134842503,133.0567728876753,142.14197904982578,148.1544135889889
4,2,28.653205018616234,0.9963662472012363,140.25366040631096,133.0567728876753,142.75232789118735
5,2,30.44130542028621,1.0968428489168893,151.95090449235076,140.25366040631096,142.82199428982463
6,2,31.03099952249595,0.8342438908169608,144.19287923293746,151.95090449235076,144.09986000496252
7,2,30.76090925056154,1.270912203745822,150.58806292557608,144.19287923293746,141.4156911279012
8,2,28.490909495699555,0.6065982531337718,130.93383010129614,150.58806292557608,139.78980364838645
9,2,28.226321530081524,0.5751377817358088,129.1190574472803,130.93383010129614,143.46081701340216
10,2,27.831263431403563,1.2281887562036033,139.06177153125552,129.1190574472803,128.33212104223904
11,2,27.269640352634966,0.9954913162061985,132.54854614754558,139.06177153125552,125.86222709438566
12,2,24.52082576215471,1.188402396427736,128.29142139601373,132.54854614754558,117.12936839440982
13,2,23.52024579782358,0.9348273386037462,118.15798597715713,128.29142139601373,112.77451701796556
14,2,21.393665025993972,0.7464020332391068,109.02618522600912,118.15798597715713,106.28896603113928
15,2,20.268259469986596,1.3191023176741998,118.41943630595075,109.02618522600912,107.80412726834996
16,2,21.48239880347201,1.2994158789689791,118.14152355480319,118.41943630595075,113.70729296267828
17,2,21.526610897125483,1.1946964708544268,107.8331990430991,118.14152355480319,103.55573261213227
18,2,19.927989878419666,0.7721451372299627,92.63711909673272,107.8331990430991,105.8852999069842
19,2,21.17390376644668,1.090230666869087,112.29612234110225,92.63711909673272,106.05978905850064
20,2,21.031509006125443,0.8609738969400268,101.52160581796078,112.29612234110225,108.1892944952597
21,2,20.81934633946214,0.5915820733266342,100.72497012791345,101.52160581796078,112.22837104691318
22,2,22.86139560550841,1.4173135754622428,120.55872364208359,100.72497012791345,115.91215822082916
23,2,25.243941340953363,0.6368186309189614,110.2301235365207,120.55872364208359,115.80440845503769
0,3,24.964173960890047,1.4502373538208024,135.5574831828105,110.2301235365207,112.6818150518393
1,3,27.85873888132661,0.9460057729579557,134.5032491537455,135.5574831828105,123.69536766731005
2,3,24.880254895910255,0.6851329288386196,121.73363716641275,134.5032491537455,142.14197904982578
3,3,29.35743641030796,1.041900947378358,133.85083270361383,121.73363716641275,133.0567728876753
4,3,29.41717408716036,1.3729458358764082,148.31478558493583,133.85083270361383,140.25366040631096
5,3,29.530621780979473,1.2322248864095613,149.5404115692485,148.31478558493583,151.95090449235076
6,3,30.0917607765355,1.3065611478614496,146.8780098039776,149.5404115692485,144.19287923293746
7,3,27.842060216844448,1.1587833667107175,144.0691257901314,146.8780098039776,150.58806292557608
8,3,29.11045513108468,1.1922765645178526,145.68076604285181,144.0691257901314,130.93383010129614
9,3,28.892646477444483,1.3491956515653194,148.57814829686407,145.68076604285181,129.1190574472803
10,3,28.977894044741515,0.7496680088591859,133.30788937190923,148.57814829686407,139.06177153125552
11,3,25.775825007238957,0.9894249636431405,126.00913291572127,133.30788937190923,132.54854614754558
12,3,24.191506397106814,0.7212094418196022,121.39691613559916,126.00913291572127,128.29142139601373
13,3,23.20414773090286,1.4876680079966471,128.09787645163254,121.39691613559916,118.15798597715713
14,3,23.415402117702072,1.4440593396866133,125.63007741060662,128.09787645163254,109.02618522600912
15,3,21.79321720372695,0.5394268113685059,99.50409894573896,125.63007741060662,118.41943630595075
16,3,20.14011277731077,1.2055751725156885,109.40162821351639,99.50409894573896,118.14152355480319
17,3,20.683638301668015,1.4252483174156658,112.55857654667797,109.40162821351639,107.8331990430991
18,3,20.09707754934804,0.6805753451273335,98.28682382147248,112.55857654667797,92.63711909673272
19,3,21.139015859087547,1.0679452305526294,114.11280350676404,98.28682382147248,112.29612234110225
20,3,19.967819887200456,1.4154882975880418,110.4694482595233,114.11280350676404,101.52160581796078
21,3,21.136803947469495,0.5339459785857988,96.04077546115927,110.4694482595233,100.72497012791345
22,3,22.10789184686784,1.19742026724684,122.5777000211533,96.04077546115927,120.55872364208359
23,3,22.242389826355275,0.7973490073725508,112.21559831768076,122.5777000211533,110.2301235365207
0,4,25.296120277064578,1.4243961953765303,132.07294624568001,112.21559831768076,135.5574831828105
1,4,26.55515049769249,1.4710582451653678,143.23937041190578,132.07294624568001,134.5032491537455
2,4,27.505113456642462,1.444266489113434,142.07871007634301,143.23937041190578,121.73363716641275
3,4,28.30094677255759,0.9742142166574638,143.63527483077075,142.07871007634301,133.85083270361383
4,4,27.914756276871778,1.3620426509893133,148.764397225392,143.63527483077075,148.31478558493583
5,4,29.40898380867998,1.3445493985350705,148.90447962651496,148.764397225392,149.5404115692485
6,4,29.65728548347323,0.8191004732432556,147.16850507160808,148.90447962651496,146.8780098039776
7,4,29.02735186222372,1.3289154741506772,147.47512670134168,147.16850507160808,144.0691257901314
8,4,29.168841307256187,0.5370076347154926,134.96437546269453,147.47512670134168,145.68076604285181
9,4,28.939584762747277,1.096269878482053,142.77351264822056,134.96437546269453,148.57814829686407
10,4,29.38618590121053,0.730008837287703,137.27777241637153,142.77351264822056,133.30788937190923
11,4,26.468673038344445,0.6205668857772788,127.62140783344024,137.27777241637153,126.00913291572127
12,4,25.257550390722763,0.5769532016292092,117.150177261227,127.62140783344024,121.39691613559916
13,4,23.63145885872123,1.1962887758781398,121.3402491729415,117.150177261227,128.09787645163254
14,4,20.581228784700958,0.8398749637680661,109.33987327358058,121.3402491729415,125.63007741060662
15,4,21.437952218618047,1.2247667715287616,113.26702594668954,109.33987327358058,99.50409894573896
16,4,20.730103191018834,0.5653563407989424,105.147240902752,113.26702594668954,109.40162821351639
17,4,22.633612981039946,0.8152903378306103,107.32338044904962,105.147240902752,112.55857654667797
18,4,19.807639035218877,1.0394912923753372,104.30913926400818,107.32338044904962,98.28682382147248
19,4,20.47191821088827,1.2907231648389637,112.65308237325983,104.30913926400818,114.11280350676404
20,4,20.635161211372566,0.8187525029320699,99.94373957495306,112.65308237325983,110.4694482595233
21,4,20.29578805644773,1.125891376437009,108.12349371423822,99.94373957495306,96.04077546115927
22,4,23.642822814515018,1.3859777482361872,128.60644231758704,108.12349371423822,122.5777000211533
23,4,24.45783780717417,1.1158631881823045,121.67406609005502,128.60644231758704,112.21559831768076
0,5,25.791031947043045,0.7329594747536338,113.10052044111295,121.67406609005502,132.07294624568001
1,5,25.384707770717863,0.524400781556538,115.45557988117355,113.10052044111295,143.23937041190578
2,5,28.9027943109361,1.3700988739009299,143.7646785638798,115.45557988117355,142.07871007634301
3,5,27.133682843140456,0.5212694108503871,123.92068164714934,143.7646785638798,143.63527483077075
4,5,29.91698411272246,1.3747016726841994,148.97639877439076,123.92068164714934,148.764397225392
5,5,32.02008475725532,1.028937134027212,142.0077851922372,148.97639877439076,148.90447962651496
6,5,29.009463674869313,1.439067698512896,142.534849319771,142.0077851922372,147.16850507160808
7,5,29.263331401842567,1.2987832357736653,148.6655867379156,142.534849319771,147.47512670134168
8,5,29.429778384009836,1.4979341105333375,146.51045350000442,148.6655867379156,134.96437546269453
9,5,28.03205825181654,0.8507118154517102,129.3969215751676,146.51045350000442,142.77351264822056
10,5,25.949336568933866,1.267188288931127,136.22702134203746,129.3969215751676,137.27777241637153
11,5,26.362658200318634,0.9019309136092422,125.0208151520493,136.22702134203746,127.62140783344024
12,5,23.937696286273894,0.9798756203039088,118.84056829487079,125.0208151520493,117.150177261227
13,5,24.17949720512258,1.12750546321837,124.8159202582906,118.84056829487079,121.3402491729415
14,5,21.5805757657662,1.3736771141863389,113.70413912411874,124.8159202582906,109.33987327358058
15,5,23.014400499084804,1.484083469199295,121.42292295453375,113.70413912411874,113.26702594668954
16,5,19.886619688741572,1.2682734138645182,106.64949299162036,121.42292295453375,105.147240902752
17,5,19.848309352348984,0.9177667821673338,99.19847292174374,106.64949299162036,107.32338044904962
18,5,20.813517217369668,0.9213570022770702,104.63957975951833,99.19847292174374,104.30913926400818
19,5,18.9395065521207,1.2375823015888914,104.49490814199741,104.63957975951833,112.65308237325983
20,5,20.89733291568194,0.7387771457683023,99.52484294603444,104.49490814199741,99.94373957495306
21,5,22.77160884834969,0.6104741131313947,103.89915415939119,99.52484294603444,108.12349371423822
22,5,20.89251676543877,0.8546221576407765,102.78261849506443,103.89915415939119,128.60644231758704
23,5,23.8905386330197,0.7872389916540817,108.42003764607881,102.78261849506443,121.67406609005502
0,6,25.259882794248423,0.7963081204559901,113.31150041555355,108.42003764607881,113.10052044111295
1,6,27.075918097289914,0.7336077510499099,115.51311189847524,113.31150041555355,115.45557988117355
2,6,26.263049289121916,0.5420931896363619,124.53658376079204,115.51311189847524,143.7646785638798
3,6,27.215077292848463,0.5178739347334138,118.54907599506562,124.53658376079204,123.92068164714934
4,6,29.85206858453909,1.4877223897360317,147.45507813088588,118.54907599506562,148.97639877439076
5,6,30.126613804678527,0.9277731337358623,137.6375086472982,147.45507813088588,142.0077851922372
6,6,30.250492850345875,0.8843266471596817,139.1097387373127,137.6375086472982,142.534849319771
7,6,30.176077340942317,1.17964728269307,146.0515702362546,139.1097387373127,148.6655867379156
8,6,28.650102297343704,0.7182538878650642,132.90695685491232,146.0515702362546,146.51045350000442
9,6,28.76778760309374,1.4499611839502253,141.85663438135063,132.90695685491232,129.3969215751676
10,6,27.793072473298682,1.2863450144155522,135.81168009354917,141.85663438135063,136.22702134203746
11,6,25.57974380748624,0.5894110023122595,116.38363796370777,135.81168009354917,125.0208151520493
12,6,26.865774511144757,0.9175807757849284,121.33709115943743,116.38363796370777,118.84056829487079
13,6,24.179737695399183,1.3791183075621647,128.17568781907642,121.33709115943743,124.8159202582906
14,6,21.30869650279735,1.4447320222914102,117.98495830633765,128.17568781907642,113.70413912411874
15,6,22.121019702701094,0.9674015112498697,108.72363517668357,117.98495830633765,121.42292295453375
16,6,19.695191310850486,1.1134113892107078,104.98700017407299,108.72363517668357,106.64949299162036
17,6,20.957455472297113,0.6670339460920752,99.11675317600101,104.98700017407299,99.19847292174374
18,6,21.158595579007404,1.4911686261369765,112.68362835686546,99.11675317600101,104.63957975951833
19,6,19.349688550202945,0.7316717013834434,89.78305702131652,112.68362835686546,104.49490814199741
20,6,21.63324911032213,1.4427317741351255,114.65994352076032,89.78305702131652,99.52484294603444
21,6,21.87724702100376,1.1496466489923685,107.72228852861393,114.65994352076032,103.89915415939119
22,6,23.322060159994486,1.1077367948788592,112.21300617231687,107.72228852861393,102.78261849506443
23,6,25.602697757141343,1.0126885110165085,120.63006733985291,112.21300617231687,108.42003764607881
0,0,24.75461188399713,0.7306698117177587,122.83746921665035,120.63006733985291,113.31150041555355
1,0,25.54035906115511,0.6765280320055083,122.26328394365378,122.83746921665035,115.51311189847524
2,0,26.610485570374475,0.7204862090701754,128.55719435994936,122.26328394365378,124.53658376079204
3,0,27.7197236209673,0.6864382621442545,136.34592513059087,128.55719435994936,118.54907599506562
4,0,29.253025309508086,1.2795844735667532,148.4802536666613,136.34592513059087,147.45507813088588
5,0,30.170781106261984,0.8501252591667301,149.80837500129044,148.4802536666613,137.6375086472982
6,0,30.27669079933002,0.5578426765633964,138.4067640668226,149.80837500129044,139.1097387373127
7,0,30.656812380481366,1.4691026301408114,150.0726473492022,138.4067640668226,146.0515702362546
8,0,29.3431289108001,1.3837858849634257,152.28225442202668,150.0726473492022,132.90695685491232
9,0,29.989067983090056,1.427752283195213,151.74772459659818,152.28225442202668,141.85663438135063
10,0,27.235343166762043,1.4949078226464354,148.23810104870103,151.74772459659818,135.81168009354917
11,0,29.014264392102227,0.6738952492194873,131.1141682734293,148.23810104870103,116.38363796370777
12,0,25.625667347765006,0.8962420189026588,123.76080712163186,131.1141682734293,121.33709115943743
13,0,22.848747218071114,1.2582384757040912,119.60117879033075,123.76080712163186,128.17568781907642
14,0,21.429107501938887,1.1960206180537922,116.15155759309555,119.60117879033075,117.98495830633765
15,0,21.946938509310453,0.6538959063398551,102.34916597092464,116.15155759309555,108.72363517668357
16,0,20.44641019575196,1.3158331249906179,111.80765850405774,102.34916597092464,104.98700017407299
17,0,20.88437136264675,0.7244405718366607,103.36403111239787,111.80765850405774,99.11675317600101
18,0,20.473237624573546,0.7238176148226231,105.43254105865377,103.36403111239787,112.68362835686546
19,0,20.097541955897782,1.0369744228934135,107.4593286962421,105.43254105865377,89.78305702131652
20,0,19.823079263009404,1.092939934841703,104.25705399890293,107.4593286962421,114.65994352076032
21,0,19.949618869381396,1.080086207837811,110.76370208831396,104.25705399890293,107.72228852861393
22,0,22.053485047932977,0.5914868373977549,109.526601303758,110.76370208831396,112.21300617231687
23,0,24.562303568810865,1.3774608626303804,127.25628522624596,109.526601303758,120.63006733985291
0,1,25.214093744130203,0.7656000425887061,120.33813684001576,127.25628522624596,122.83746921665035
1,1,25.048356446800614,0.6295149212828042,120.31926635447012,120.33813684001576,122.26328394365378
2,1,27.67318092585118,1.3887480798689773,140.7666285098352,120.31926635447012,128.55719435994936
3,1,28.920851285661573,1.4556514982297535,150.97064164931524,140.7666285098352,136.34592513059087
4,1,28.446269582721058,1.3621276172654506,147.43250110277216,150.97064164931524,148.4802536666613
5,1,29.98335423739087,1.3095160747248782,152.0748855638911,147.43250110277216,149.80837500129044
6,1,30.058208718446,1.1552419806390217,145.55878051626613,152.0748855638911,138.4067640668226
7,1,28.686658833614718,1.0508573706091393,141.73734844133267,145.55878051626613,150.0726473492022
8,1,29.687914379270477,0.5869867599114101,136.94296206809685,141.73734844133267,152.28225442202668
9,1,29.096318432300972,0.9084532130706987,137.31426948160612,136.94296206809685,151.74772459659818
10,1,28.583051243175277,0.872688517012314,139.80076438029704,137.31426948160612,148.23810104870103
11,1,27.34789727754751,0.7597537837603262,126.28015212448295,139.80076438029704,131.1141682734293
12,1,23.62233063204291,1.223420113688585,127.38711771511318,126.28015212448295,123.76080712163186
13,1,22.768079734572275,0.9958757350787708,120.66325621531404,127.38711771511318,119.60117879033075
14,1,23.01503526720866,0.5810462159076479,103.39589765377119,120.66325621531404,116.15155759309555
15,1,21.978252044979474,0.7201832019498113,101.00667388114738,103.39589765377119,102.34916597092464
16,1,21.184920667383857,1.183258763659596,107.79779362640497,101.00667388114738,111.80765850405774
17,1,24.023102359209382,0.5761308594903002,108.69731595561564,107.79779362640497,103.36403111239787
18,1,20.570890510693168,1.3512069140487686,111.51034486468437,108.69731595561564,105.43254105865377
19,1,21.305936508735254,0.9951465270139743,115.53014315186407,111.51034486468437,107.4593286962421
20,1,21.62387474457101,0.980586577326648,107.50648420185844,115.53014315186407,104.25705399890293
21,1,22.115857345373062,1.0924077846595175,114.5624564816621,107.50648420185844,110.76370208831396
22,1,22.184730755359652,1.324680965925149,125.48941068692591,114.5624564816621,109.526601303758
23,1,24.46487399498066,0.847809207902193,124.31602036145735,125.48941068692591,127.25628522624596
0,2,24.227174785462427,1.1780161525590636,133.19918335201532,124.31602036145735,120.33813684001576
1,2,26.057276618772594,1.0657319639957912,134.64248166026564,133.19918335201532,120.31926635447012
2,2,27.014636452170897,0.7670282701694213,132.4420258851646,134.64248166026564,140.7666285098352
3,2,28.61740804531906,1.378629986355158,148.65606447721032,132.4420258851646,150.97064164931524
4,2,31.6447855855957,1.297426021606928,155.23342886967424,148.65606447721032,147.43250110277216
5,2,27.962363938853592,1.1584518346584254,142.09946568478077,155.23342886967424,152.0748855638911
6,2,30.686260190374515,1.350581729094242,150.92955831236694,142.09946568478077,145.55878051626613
7,2,28.216913260255687,1.3672942009598024,148.42884543036524,150.92955831236694,141.73734844133267
8,2,28.858195153132762,1.2083629767150348,145.03335001083582,148.42884543036524,136.94296206809685
9,2,29.624484502900103,1.337013328363672,146.7006192369573,145.03335001083582,137.31426948160612
10,2,27.564280019095463,1.1974714616692836,141.16715161394674,146.7006192369573,139.80076438029704
11,2,25.2163504475833,1.1801407717603003,134.48962240710932,141.16715161394674,126.28015212448295
12,2,24.284696290740033,1.1186113782151843,126.2068408046593,134.48962240710932,127.38711771511318
13,2,24.385502523422073,1.2527166395576412,130.66973763013755,126.2068408046593,120.66325621531404
14,2,21.769633368282864,0.6586051052930737,103.2863015000267,130.66973763013755,103.39589765377119
15,2,21.68092468364924,1.3808707591989284,118.32721836157242,103.2863015000267,101.00667388114738
16,2,20.715444820981624,1.371843527745232,113.05703919721509,118.32721836157242,107.79779362640497
17,2,19.51877052094884,0.5292472830345591,89.363618588479,113.05703919721509,108.69731595561564
18,2,22.143944089325327,1.3258167505647627,115.55618113241782,89.363618588479,111.51034486468437
19,2,20.804289890872667,0.6288698674734452,99.16147634317369,115.55618113241782,115.53014315186407
20,2,18.6447303944202,0.8351188542591419,104.87193306590524,99.16147634317369,107.50648420185844
21,2,21.65092040883669,1.2435082562916078,117.99337318530439,104.87193306590524,114.5624564816621
22,2,21.83821353523161,0.6607598960483082,103.81906451844175,117.99337318530439,125.48941068692591
23,2,24.558338109283618,1.3179670241190622,133.45010394892583,103.81906451844175,124.31602036145735
0,3,24.2074792615673,1.3321341779577418,133.7207431688655,133.45010394892583,133.19918335201532
1,3,26.179358784045704,1.0074677337608362,131.8425558047392,133.7207431688655,134.64248166026564
2,3,28.004987278980458,0.5063858717168336,125.45823969574809,131.8425558047392,132.4420258851646
3,3,29.401289100102858,0.7870381331749128,133.736090965399,125.45823969574809,148.65606447721032
4,3,28.129830611866414,1.1169269183757422,141.1418333008789,133.736090965399,155.23342886967424
5,3,29.49512789560439,1.4811861780274236,156.5394834737605,141.1418333008789,142.09946568478077
6,3,29.525054688839045,1.1318135270166683,152.34013883581528,156.5394834737605,150.92955831236694
7,3,29.17629989887163,0.7598035810641598,142.83766026673374,152.34013883581528,148.42884543036524
8,3,31.095581259203293,1.1340057030996114,147.06498235288439,142.83766026673374,145.03335001083582
9,3,28.940515616893695,1.0399853797158554,137.39295434010293,147.06498235288439,146.7006192369573
10,3,26.239116045664954,1.2798453951511437,138.4977987350864,137.39295434010293,141.16715161394674
11,3,27.21195717256738,0.6069806388269584,118.84639947601059,138.4977987350864,134.48962240710932
12,3,27.122156197012632,1.2610279025020281,135.43437358662015,118.84639947601059,126.2068408046593
13,3,24.738370035038542,1.0412665786761104,122.27107343367807,135.43437358662015,130.66973763013755
14,3,20.980630034045987,1.4629920038589947,119.82299063966714,122.27107343367807,103.2863015000267
15,3,20.980232021201015,0.8418721660386861,101.9427303495099,119.82299063966714,118.32721836157242
16,3,21.93678413026443,1.132621893133948,114.4065524050726,101.9427303495099,113.05703919721509
17,3,19.462701402935878,1.4320281055100175,111.30860413419568,114.4065524050726,89.363618588479
18,3,20.443819428146227,0.6025097279906793,94.42808290897518,111.30860413419568,115.55618113241782
19,3,20.945004921983994,1.4372284872364511,107.35853468596137,94.42808290897518,99.16147634317369
20,3,19.742942509499727,1.1878857223008135,109.50080071201943,107.35853468596137,104.87193306590524
21,3,21.40494073800546,0.5678370591051719,107.41230963625812,109.50080071201943,117.99337318530439
22,3,19.258732659930924,0.8009635669468163,109.52051430244177,107.41230963625812,103.81906451844175
23,3,22.681517133153104,1.2081720886452816,120.56699681842781,109.52051430244177,133.45010394892583
0,4,24.74743184860684,0.5673506014687717,114.03523954550377,120.56699681842781,133.7207431688655
1,4,25.046312043547754,1.0821704601762732,130.73054650987123,114.03523954550377,131.8425558047392
2,4,29.132411303931637,0.8458830569529567,132.18732742935754,130.73054650987123,125.45823969574809
3,4,27.105392527972104,1.120915517767477,139.60553892261763,132.18732742935754,133.736090965399
4,4,28.890082532225208,0.5457420338125129,134.65350061369912,139.60553892261763,141.1418333008789
5,4,29.96036970873143,1.3715368061523763,155.691533475054,134.65350061369912,156.5394834737605
6,4,31.441273289066114,1.473488969177397,157.05186373224032,155.691533475054,152.34013883581528
7,4,28.3937669802659,1.4688778552856916,150.21332807860543,157.05186373224032,142.83766026673374
8,4,30.493290771077156,1.2496518317429248,147.00592445458753,150.21332807860543,147.06498235288439
9,4,28.545766966952325,0.630086240130632,129.28368548626318,147.00592445458753,137.39295434010293
10,4,26.51849134895205,1.2582631959290227,137.52280994077998,129.28368548626318,138.4977987350864
11,4,26.756198699775876,0.5245869164588015,122.69442270020154,137.52280994077998,118.84639947601059
12,4,25.19905969557347,0.5221235515289973,118.58134430042664,122.69442270020154,135.43437358662015
13,4,23.105687897328604,0.8236102191495412,112.6858528745818,118.58134430042664,122.27107343367807
14,4,22.56980208499002,0.9886431904046658,119.39053368495192,112.6858528745818,119.82299063966714
15,4,21.079152497205506,1.2704074178077933,114.6820147355737,119.39053368495192,101.9427303495099
16,4,20.78339032632906,1.1832953766065053,111.50833226389854,114.6820147355737,114.4065524050726
17,4,20.832501543075708,0.9459027063767483,103.68216391335221,111.50833226389854,111.30860413419568
18,4,21.586016816145353,0.7736266662816659,96.3718461771052,103.68216391335221,94.42808290897518
19,4,18.932555369727808,1.4971245001577111,115.8004786688023,96.3718461771052,107.35853468596137
20,4,22.802906355734077,0.926181302235973,112.67971640962053,115.8004786688023,109.50080071201943
21,4,19.51237829454476,0.9513870243296755,105.13744659246291,112.67971640962053,107.41230963625812
22,4,22.34821490496441,0.6636238211916692,108.16987838543682,105.13744659246291,109.52051430244177
23,4,24.29422198097197,1.2948095487499294,128.4442621390296,108.16987838543682,120.56699681842781
0,5,25.280991867735032,1.1936822257814885,119.74799068044021,128.4442621390296,114.03523954550377
1,5,25.67139570569201,0.7207696127887604,116.75921608614554,119.74799068044021,130.73054650987123
2,5,27.291877749642726,0.5823810456158427,123.61417045046778,116.75921608614554,132.18732742935754
3,5,28.042532971273904,1.180499302074713,133.0032515263998,123.61417045046778,139.60553892261763
4,5,28.74076226197798,1.1545112142811353,140.11267664392292,133.0032515263998,134.65350061369912
5,5,30.679231228466364,0.7732595269982093,132.4131658459174,140.11267664392292,155.691533475054
6,5,30.357015485965047,1.4508635622504102,151.1305921642389,132.4131658459174,157.05186373224032
7,5,29.136719536184685,0.6510578917809002,130.8469307239856,151.1305921642389,150.21332807860543
8,5,30.229726894355444,0.9323348010426019,132.92100839969078,130.8469307239856,147.00592445458753
9,5,28.842833426809346,1.4436159201675989,147.12327113220766,132.92100839969078,129.28368548626318
10,5,28.31286211883896,0.9197273169261223,127.81649584580623,147.12327113220766,137.52280994077998
11,5,26.92372406743622,1.1385259476640854,126.7754002281362,127.81649584580623,122.69442270020154
12,5,24.17100498907793,0.8975943979627943,116.89560552910457,126.7754002281362,118.58134430042664
13,5,23.145723734290428,0.77421520234867,112.6334731128152,116.89560552910457,112.6858528745818
14,5,23.24729360512326,1.4839776479598283,118.1266747125079,112.6334731128152,119.39053368495192
15,5,22.07483635950073,0.909334006315043,105.45032458298077,118.1266747125079,114.6820147355737
16,5,20.64897138711366,1.3940992036791344,111.80612231095735,105.45032458298077,111.50833226389854
17,5,20.287698251863443,0.7299546058910862,97.59454718044736,111.80612231095735,103.68216391335221
18,5,21.277664895788426,0.7131047040250833,97.3467485379102,97.59454718044736,96.3718461771052
19,5,19.578799479718825,0.5311340828845114,89.01993883698722,97.3467485379102,115.8004786688023
20,5,21.216970362247846,1.151666825375885,104.32425253222284,89.01993883698722,112.67971640962053
21,5,21.26227344163337,0.8685263437237611,103.0824375950156,104.32425253222284,105.13744659246291
22,5,22.282318796772778,1.3643582498396372,113.63538555438146,103.0824375950156,108.16987838543682
23,5,24.804681626474583,0.9732099066915572,107.72131948527128,113.63538555438146,128.4442621390296
0,6,25.82541634898803,1.4681934279147217,132.3243806687435,107.72131948527128,119.74799068044021
1,6,27.10760486151324,0.6855255157031211,123.2257150113727,132.3243806687435,116.75921608614554
2,6,28.80547880715433,1.3686231679556107,132.89462366679535,123.2257150113727,123.61417045046778
3,6,28.556537747565496,1.2765968527917417,136.6868882487015,132.89462366679535,133.0032515263998
4,6,30.012079990217156,1.270921844644052,145.9603136941753,136.6868882487015,140.11267664392292
5,6,29.519362374851884,1.3447832281168877,151.7661339840673,145.9603136941753,132.4131658459174
6,6,30.324166352488444,1.261023990942999,145.9311936468631,151.7661339840673,151.1305921642389
7,6,29.699486077077655,1.1262203216314153,139.39862802598688,145.9311936468631,130.8469307239856
8,6,29.427122983914913,0.6312448776823876,129.59070823600743,139.39862802598688,132.92100839969078
9,6,29.130690931369653,0.5325261794912519,130.10760252187438,129.59070823600743,147.12327113220766
10,6,26.681779316766526,1.4208478478156867,134.84262305247316,130.10760252187438,127.81649584580623
11,6,28.386482501198067,1.116650314520738,129.29658572388536,134.84262305247316,126.7754002281362
12,6,23.993982618500297,1.2965372909761763,122.47048048997802,129.29658572388536,116.89560552910457
13,6,22.491716161699664,0.9815223515125501,109.165703077849,122.47048048997802,112.6334731128152
14,6,23.658110873500068,0.6173081889623945,105.0303964742324,109.165703077849,118.1266747125079
15,6,22.256128788030203,0.6251857922025504,104.81894098365464,105.0303964742324,105.45032458298077
16,6,21.293992798129963,1.1855652872289713,108.60827512234306,104.81894098365464,111.80612231095735
17,6,20.798716377818938,0.9303058948994627,99.78723188435758,108.60827512234306,97.59454718044736
18,6,19.987753227153085,0.7005247267003367,93.11056718156628,99.78723188435758,97.3467485379102
19,6,19.273116497068823,0.9915945467414369,94.02929323998573,93.11056718156628,89.01993883698722
20,6,20.745677539271536,0.5642089370751341,96.76460911364285,94.02929323998573,104.32425253222284
21,6,20.78730438255515,1.081971401914399,105.90945740049439,96.76460911364285,103.0824375950156
22,6,23.47511973341775,0.7689934044350977,106.78866781476556,105.90945740049439,113.63538555438146
23,6,23.558847392985253,1.297559100637188,130.06000905122363,106.78866781476556,107.72131948527128
0,0,24.17450280320749,0.8103619589235738,120.4525035099835,130.06000905122363,132.3243806687435
1,0,25.97270938385961,0.9552201490818012,126.3826390500949,120.4525035099835,123.2257150113727
2,0,27.912931454275625,0.5116205399081006,124.77920091809662,126.3826390500949,132.89462366679535
3,0,27.971809353128762,0.5724468877945589,132.90896140160444,124.77920091809662,136.6868882487015
4,0,28.50790662335576,0.8924935564066848,138.86574964430287,132.90896140160444,145.9603136941753
5,0,30.073316342937254,0.9799388347171235,140.08983370815557,138.86574964430287,151.7661339840673
6,0,30.244966571108723,1.1000205481193037,150.24803090832913,140.08983370815557,145.9311936468631
7,0,29.32268595607421,0.7916625787093032,137.1334494926082,150.24803090832913,139.39862802598688
8,0,28.859088713303873,1.1949818861265427,150.8979625156356,137.1334494926082,129.59070823600743
9,0,28.767583843290375,1.3601223971892047,150.04882763937425,150.8979625156356,130.10760252187438
10,0,26.051915658502676,1.2798509888933498,136.35888540789608,150.04882763937425,134.84262305247316
11,0,24.88663145113605,0.5396188253483571,121.9968789454698,136.35888540789608,129.29658572388536
12,0,24.281555778747563,0.9805069472578289,123.37681703423391,121.9968789454698,122.47048048997802
13,0,23.49245762277555,0.6049301784181749,114.05364938825605,123.37681703423391,109.165703077849
14,0,22.810907565598004,0.7420450158625275,111.91691390032997,114.05364938825605,105.0303964742324
15,0,22.93982231101682,1.4866625932671464,121.00275871053849,111.91691390032997,104.81894098365464
16,0,21.527532604279827,0.6424955429015132,100.31407253179316,121.00275871053849,108.60827512234306
17,0,20.010432338591233,0.9988881534513561,108.42925193606239,100.31407253179316,99.78723188435758
18,0,19.980983792097312,1.118155734318119,106.32075627423738,108.42925193606239,93.11056718156628
19,0,19.167841503916847,1.202464970544104,106.51477876609908,106.32075627423738,94.02929323998573
20,0,20.65135984508542,1.059648683486914,105.97007158401667,106.51477876609908,96.76460911364285
21,0,21.175807455147122,0.5097708474191837,101.74676124359281,105.97007158401667,105.90945740049439
22,0,22.822718560338085,0.8264613082439919,118.36223804328543,101.74676124359281,106.78866781476556
23,0,22.87867383093507,1.0177116433847115,115.32079133577635,118.36223804328543,130.06000905122363
0,1,25.51934651424117,0.5878664991448334,117.86868138139728,115.32079133577635,120.4525035099835
1,1,27.82683413851518,0.8506269312091808,134.49105901848546,117.86868138139728,126.3826390500949
2,1,27.391239851543144,0.5332031087913666,125.20761770517647,134.49105901848546,124.77920091809662
3,1,28.93724562803168,0.5785784971550207,132.87424439977843,125.20761770517647,132.90896140160444
4,1,30.020271010633305,0.8969232762015961,138.4520809987023,132.87424439977843,138.86574964430287
5,1,29.428408659559505,0.6327157540430604,137.45531195449385,138.4520809987023,140.08983370815557
6,1,30.224092481810416,1.067540848261558,146.23756913383835,137.45531195449385,150.24803090832913
7,1,29.842221532227136,1.1894649691372656,151.09019069712986,146.23756913383835,137.1334494926082
8,1,29.427803117471026,1.3005866991090829,152.08975240966237,151.09019069712986,150.8979625156356
9,1,27.76252412207727,0.7001502442448101,139.36781186697206,152.08975240966237,150.04882763937425
10,1,27.524510174258943,0.6674825822590698,130.13757151334002,139.36781186697206,136.35888540789608
11,1,26.792093516758055,0.6045678403344003,124.24112324097582,130.13757151334002,121.9968789454698
12,1,26.451143607795043,1.1364302495436367,131.21404511119482,124.24112324097582,123.37681703423391
13,1,24.665175600572603,1.206475726486901,124.81217640142596,131.21404511119482,114.05364938825605
14,1,24.653182457511555,0.531586144825642,110.95353934192103,124.81217640142596,111.91691390032997
15,1,20.697118531179218,1.4362122462436897,117.16120994494966,110.95353934192103,121.00275871053849
16,1,21.54219361779849,0.5519712836514724,100.96894179959088,117.16120994494966,100.31407253179316
17,1,20.353712874293013,1.0412963353010705,110.82688679854063,100.96894179959088,108.42925193606239
18,1,22.18980293321767,1.2090605194509165,110.54118855961475,110.82688679854063,106.32075627423738
19,1,19.362072583199506,1.3709691237460855,114.90390506181718,110.54118855961475,106.51477876609908
20,1,19.830151138897033,1.2140869321324277,114.23313208461782,114.90390506181718,105.97007158401667
21,1,20.86507344862324,1.3017280830697917,115.33943516580358,114.23313208461782,101.74676124359281
22,1,20.37610427569019,0.8394501925428061,101.1756477052107,115.33943516580358,118.36223804328543
23,1,23.18014975280663,1.3148251137465121,123.24514536823499,101.1756477052107,115.32079133577635
0,2,24.240867338446304,0.5801148463846751,118.97501524426944,123.24514536823499,117.86868138139728
1,2,26.44448901198881,1.3948166560605277,138.30489740931674,118.97501524426944,134.49105901848546
2,2,27.841755975777158,1.0475923761537362,133.6374527777443,138.30489740931674,125.20761770517647
3,2,30.411704745148626,1.3172977699624937,147.72610793772796,133.6374527777443,132.87424439977843
4,2,30.280550857108242,0.9523182845183001,145.78958152194053,147.72610793772796,138.4520809987023
5,2,29.25272547578294,1.1435776951965249,147.6764638229912,145.78958152194053,137.45531195449385
6,2,29.10158532865164,1.0264026609361132,143.01442757851643,147.6764638229912,146.23756913383835
7,2,30.321548302951847,1.2315895217553319,148.83367206845693,143.01442757851643,151.09019069712986
8,2,28.009893811901552,0.5816299820305896,130.13736685512782,148.83367206845693,152.08975240966237
9,2,30.36699267178709,0.5603520839905638,131.24486428175544,130.13736685512782,139.36781186697206
10,2,28.67944012072129,0.7471032340101464,137.14707199005383,131.24486428175544,130.13757151334002
11,2,25.8249195734079,0.6595446801131883,121.46196179247076,137.14707199005383,124.24112324097582
12,2,23.286865470909124,1.3717835665922018,132.66087783613875,121.46196179247076,131.21404511119482
13,2,25.05977714865281,0.7192139873580443,121.47959174920865,132.66087783613875,124.81217640142596
14,2,22.38546015474738,1.4758652558191314,127.28315812032126,121.47959174920865,110.95353934192103
15,2,22.702282406040727,0.8368957917711068,108.77655189748397,127.28315812032126,117.16120994494966
16,2,19.075445322283443,0.6821179156886993,99.34418519150631,108.77655189748397,100.96894179959088
17,2,19.570995845600887,1.2896985071424791,110.20411675198794,99.34418519150631,110.82688679854063
18,2,20.005243699718182,1.1587077755008761,105.4735373272635,110.20411675198794,110.54118855961475
19,2,20.2173514623194,0.998195716453139,106.71243683597571,105.4735373272635,114.90390506181718
20,2,20.219807509598564,1.0553635509376313,104.34951262662595,106.71243683597571,114.23313208461782
21,2,22.08731602641476,1.219201778272264,120.05063797179402,104.34951262662595,115.33943516580358
22,2,21.432379570617403,0.7284547413312987,106.04000207596559,120.05063797179402,101.1756477052107
23,2,23.5635252894661,1.496333916056742,130.06901741666033,106.04000207596559,123.24514536823499
0,3,25.120295631711897,1.4747931621467831,135.58631812099787,130.06901741666033,118.97501524426944
1,3,26.80853405957135,1.1503256863469369,133.4350573759944,135.58631812099787,138.30489740931674
2,3,28.21161487808889,0.6995424509291451,132.17416017918652,133.4350573759944,133.6374527777443
3,3,27.410891814094867,1.1802282424312913,139.0727053188135,132.17416017918652,147.72610793772796
4,3,27.796012848186567,0.5721984089791758,133.31013980617277,139.0727053188135,145.78958152194053
5,3,31.10730595334385,0.5306525022058061,133.4489811729543,133.31013980617277,147.6764638229912
6,3,30.33231401197959,0.7576828885112137,141.19742453282268,133.4489811729543,143.01442757851643
7,3,29.08114259488879,0.9626229567393163,147.89078958462946,141.19742453282268,148.83367206845693
8,3,30.881278994444717,1.3682725054083806,149.7872681610847,147.89078958462946,130.13736685512782
9,3,28.651208540225596,1.227169069766308,141.88363137606825,149.7872681610847,131.24486428175544
10,3,28.679297184063827,1.242706521199981,143.75444834110402,141.88363137606825,137.14707199005383
11,3,26.361613706922714,0.9254933344480754,129.36002989965093,143.75444834110402,121.46196179247076
12,3,27.060747924881987,0.8459349925469629,127.09208599852391,129.36002989965093,132.66087783613875
13,3,25.4612456169306,0.8710387629846027,122.22263743297104,127.09208599852391,121.47959174920865
14,3,22.251035851520925,1.4876495637360578,126.15922738344831,122.22263743297104,127.28315812032126
15,3,22.43603704502162,0.5401091914124825,106.93228963229609,126.15922738344831,108.77655189748397
16,3,21.315248930662957,1.3670314961224486,117.54032971671603,106.93228963229609,99.34418519150631
17,3,21.53900242608701,1.0786754085723933,109.26848179687558,117.54032971671603,110.20411675198794
18,3,19.035076539419897,0.9386154191895905,103.8601825662398,109.26848179687558,105.4735373272635
19,3,20.856422328553094,1.2252576604151364,117.25838540720387,103.8601825662398,106.71243683597571
20,3,21.728297467927398,0.9866689414247029,109.13181848735675,117.25838540720387,104.34951262662595
21,3,19.70572660764415,1.3734232380816604,111.88526225104413,109.13181848735675,120.05063797179402
22,3,21.31674148733422,1.4007018640112585,123.96876226275451,111.88526225104413,106.04000207596559
23,3,21.66667259672729,0.9217209268734554,113.81842978803768,123.96876226275451,130.06901741666033
0,4,24.730593165555444,0.7768277972350516,113.47973363776983,113.81842978803768,135.58631812099787
1,4,27.011637481308565,1.0923503285933622,136.00073701696084,113.47973363776983,133.4350573759944
2,4,29.002357052096027,1.4123633456166909,144.64599645866411,136.00073701696084,132.17416017918652
3,4,28.60962868635251,0.7106621890056666,133.23196911777134,144.64599645866411,139.0727053188135
4,4,30.958742564493484,1.1229665835634828,149.03301182980806,133.23196911777134,133.31013980617277
5,4,28.44952767323045,1.1315602200925206,144.76101705053918,149.03301182980806,133.4489811729543
6,4,28.296617560644844,1.233113022415281,148.38385102101245,144.76101705053918,141.19742453282268
7,4,29.774081432548723,0.6315676851272598,135.5323157188238,148.38385102101245,147.89078958462946
8,4,29.7141924678615,1.2158249646820884,148.9444556617374,135.5323157188238,149.7872681610847
9,4,28.502839157838643,1.409032520665641,146.47875650810383,148.9444556617374,141.88363137606825
10,4,25.432557899960123,0.679683108870242,126.6752094199876,146.47875650810383,143.75444834110402
11,4,26.204975185999817,0.7375433249238776,126.59510977354155,126.6752094199876,129.36002989965093
12,4,23.695530499495145,1.4713950940416396,129.0126467736893,126.59510977354155,127.09208599852391
13,4,24.375577323317437,0.6809769527094898,118.04044959832457,129.0126467736893,122.22263743297104
14,4,22.86659824609685,1.3543850933695791,121.21300802424314,118.04044959832457,126.15922738344831
15,4,20.52458630773991,0.9922778564480348,111.24783532741847,121.21300802424314,106.93228963229609
16,4,20.156006063741117,0.747231074403177,102.69824151790542,111.24783532741847,117.54032971671603
17,4,19.111157346665706,1.3707499012725113,116.4926054862763,102.69824151790542,109.26848179687558
18,4,19.937320902726828,0.9453052550026655,103.1103489583914,116.4926054862763,103.8601825662398
19,4,21.125513189055894,1.0148173539296903,106.84016480546032,103.1103489583914,117.25838540720387
20,4,19.684146934742266,0.8592333693997657,102.83444840197227,106.84016480546032,109.13181848735675
21,4,21.968512609585108,1.0929508514349275,112.81543508750046,102.83444840197227,111.88526225104413
22,4,21.969742381627555,0.6635238725850228,109.60978792078171,112.81543508750046,123.96876226275451
23,4,22.91303194222505,0.8910815366517607,111.21057234115034,109.60978792078171,113.81842978803768
0,5,24.892969640045443,1.4694123223352875,126.01313846935756,111.21057234115034,113.47973363776983
1,5,25.258852903093228,0.7581334327011275,115.06515614649665,126.01313846935756,136.00073701696084
2,5,26.946350694652818,1.1567366645412922,134.8783574560522,115.06515614649665,144.64599645866411
3,5,27.33765601334389,0.8251900642246949,133.38202124079294,134.8783574560522,133.23196911777134
4,5,31.29485215183858,1.2734731256866008,146.40607319964116,133.38202124079294,149.03301182980806
5,5,29.864892683417068,0.6308736607183498,131.5000516745218,146.40607319964116,144.76101705053918
6,5,29.300274492007414,1.4698210450785447,148.20712637492528,131.5000516745218,148.38385102101245
7,5,30.04360904217956,0.9537895413836392,142.30790208274715,148.20712637492528,135.5323157188238
8,5,29.217798969231364,0.736050463346464,129.03480184066467,142.30790208274715,148.9444556617374
9,5,28.314564306399514,0.5734967473300127,125.88523831946911,129.03480184066467,146.47875650810383
10,5,28.114166700043427,0.6697579050875407,127.54908439118495,125.88523831946911,126.6752094199876
11,5,27.051602935559913,1.0197739485560176,128.59015780308494,127.54908439118495,126.59510977354155
12,5,24.46949885238947,0.8370031764312863,116.2478060832009,128.59015780308494,129.0126467736893
13,5,23.130086533842718,1.3288833658826094,123.25278821201384,116.2478060832009,118.04044959832457
14,5,22.224948302848357,0.9308875236618059,99.95795019993513,123.25278821201384,121.21300802424314
15,5,19.16254492933168,0.7487142725876299,98.26193345714321,99.95795019993513,111.24783532741847
16,5,19.154681918879255,1.1171449866040302,100.02978248261246,98.26193345714321,102.69824151790542
17,5,21.537245135999186,1.2067772168854458,102.05887765624723,100.02978248261246,116.4926054862763
18,5,21.644967713501284,0.6670419079009499,98.16438138359652,102.05887765624723,103.1103489583914
19,5,19.921334828998276,0.6676192162883177,97.65677135636109,98.16438138359652,106.84016480546032
20,5,21.246429944133574,0.536671426933543,94.15368884521055,97.65677135636109,102.83444840197227
21,5,21.7757162486108,1.2364020150656405,114.06702862827775,94.15368884521055,112.81543508750046
22,5,25.578880808455235,1.1638045276218052,124.2706869433125,114.06702862827775,109.60978792078171
23,5,24.82547968592197,0.9746308757498139,120.50012979656714,124.2706869433125,111.21057234115034
0,6,24.872082408519233,1.344170448969197,131.5474673845366,120.50012979656714,126.01313846935756
1,6,25.338554784912176,1.3056701529500532,131.6050855530663,131.5474673845366,115.06515614649665
2,6,25.89355367974243,1.085354364396752,128.72049556412466,131.6050855530663,134.8783574560522
3,6,28.73899754179996,1.3682712805132586,137.10859107003904,128.72049556412466,133.38202124079294
4,6,28.573776273637886,0.7058412100367683,129.18644332146567,137.10859107003904,146.40607319964116
5,6,28.407375421847668,0.6119196193977279,126.18266170859198,129.18644332146567,131.5000516745218
6,6,29.353427115757473,0.7697496115169896,140.6146746143482,126.18266170859198,148.20712637492528
7,6,28.748081127830947,0.5570868560893149,127.76950020304186,140.6146746143482,142.30790208274715
8,6,31.01726865399476,1.031169528001032,141.687796326208,127.76950020304186,129.03480184066467
9,6,29.41717366288219,1.4366056922949615,146.2919851116505,141.687796326208,125.88523831946911
10,6,27.492027358683384,0.5393435406685096,120.90173286985434,146.2919851116505,127.54908439118495
11,6,27.774039364402633,0.6221099140100268,125.66362058132329,120.90173286985434,128.59015780308494
12,6,25.077368307647617,0.9521990282834353,117.33076909576059,125.66362058132329,116.2478060832009
13,6,22.844620573159133,1.433875017527905,122.36237341156287,117.33076909576059,123.25278821201384
14,6,24.023124077269657,0.8161561049767505,107.14195849698018,122.36237341156287,99.95795019993513
15,6,22.003376137751925,1.0072348086883924,103.12031310374411,107.14195849698018,98.26193345714321
16,6,19.632626826751352,0.5415728590503921,89.60114952395031,103.12031310374411,100.02978248261246
17,6,19.98003219047105,0.6483432009620889,93.15655974614796,89.60114952395031,102.05887765624723
18,6,19.124381746615242,1.486630122958847,106.69345927885566,93.15655974614796,98.16438138359652
19,6,18.78757113759032,1.4651186964360456,105.1409950013893,106.69345927885566,97.65677135636109
20,6,21.59605052860945,0.5049399809344096,90.4116942470472,105.1409950013893,94.15368884521055
21,6,23.373882734537393,1.451811785423239,118.46361664778799,90.4116942470472,114.06702862827775
22,6,21.101432426180857,1.1391199378155004,105.47110248657872,118.46361664778799,124.2706869433125
23,6,24.268874011177964,1.3679182945200221,125.58809135279996,105.47110248657872,120.50012979656714
0,0,24.34935743087817,0.9547398556338591,123.04083123323704,125.58809135279996,131.5474673845366
1,0,25.806969841747907,1.0155960285792502,125.14139620771122,123.04083123323704,131.6050855530663
2,0,26.90760607576113,0.9888465802569202,132.6645165255111,125.14139620771122,128.72049556412466
3,0,27.67154313625292,1.1668642575461043,138.49497001852163,132.6645165255111,137.10859107003904
4,0,29.378648646867017,0.6396512547563129,136.16809995796223,138.49497001852163,129.18644332146567
5,0,28.998679015034302,0.529973589872678,137.27743942848227,136.16809995796223,126.18266170859198
6,0,30.27045682577984,0.8079299415911909,136.07399507444626,137.27743942848227,140.6146746143482
7,0,29.779391021996204,1.2046807627366467,148.65673379905826,136.07399507444626,127.76950020304186
8,0,29.091178972055786,0.7018534521229484,135.399282637715,148.65673379905826,141.687796326208
9,0,27.62797024389114,1.1734324333249173,142.8096771954975,135.399282637715,146.2919851116505
10,0,26.923228669431666,1.4699120461072703,143.88428814572183,142.8096771954975,120.90173286985434
11,0,27.049486451338364,0.5939007157894184,121.30926967427385,143.88428814572183,125.66362058132329
12,0,25.50091718762438,1.1726021182251263,128.49671493275142,121.30926967427385,117.33076909576059
13,0,22.728349529688845,0.9437502193045711,114.35543542403343,128.49671493275142,122.36237341156287
14,0,22.599332305429225,1.3681422543775055,125.78953111420437,114.35543542403343,107.14195849698018
15,0,22.215853217439054,0.6771497894473859,105.96756935797619,125.78953111420437,103.12031310374411
16,0,19.000467699956438,1.1926259522261646,113.89677246385081,105.96756935797619,89.60114952395031
17,0,20.713731060934595,1.33811528964811,113.34852721049685,113.89677246385081,93.15655974614796
18,0,19.33737624105415,1.4446142194740232,110.44181657085738,113.34852721049685,106.69345927885566
19,0,20.740969537147816,1.1832480282896458,105.94649819935938,110.44181657085738,105.1409950013893
20,0,19.90661382453529,0.9971747640084273,100.68704986262692,105.94649819935938,90.4116942470472
21,0,19.659583993402745,1.1178472402012138,104.85263714994784,100.68704986262692,118.46361664778799
22,0,20.872457562116836,1.3689049844787182,119.92439476684248,104.85263714994784,105.47110248657872
23,0,23.753989721148777,1.0706097466388296,122.85815899373873,119.92439476684248,125.58809135279996
0,1,25.25972250172148,0.5303870596968369,111.3836140912833,122.85815899373873,123.04083123323704
1,1,25.389778600408196,1.4309486955069777,139.6718365042095,111.3836140912833,125.14139620771122
2,1,28.138592458777374,1.1895267510315612,138.61853678313565,139.6718365042095,132.6645165255111
3,1,26.87401384366378,1.1765133857772465,139.78974225069462,138.61853678313565,138.49497001852163
4,1,29.264047220274875,0.7156751523977172,141.33851341111475,139.78974225069462,136.16809995796223
5,1,28.618612931682883,1.1588854702326572,147.7647114785062,141.33851341111475,137.27743942848227
6,1,29.348163892197842,0.8938644056541585,140.76802395376137,147.7647114785062,136.07399507444626
7,1,29.877027802761756,1.151232977041492,144.7643967329982,140.76802395376137,148.65673379905826
8,1,28.46971365363824,0.6065930303079907,126.27609574729277,144.7643967329982,135.399282637715
9,1,28.15097836170291,1.1578453046030361,139.37247066960475,126.27609574729277,142.8096771954975
10,1,28.50629280921444,1.4994137257706666,146.36746941735913,139.37247066960475,143.88428814572183
11,1,25.717203355989458,0.548212038860556,117.02529935876169,146.36746941735913,121.30926967427385
12,1,25.835692112065143,1.4771741842213173,135.82109700727972,117.02529935876169,128.49671493275142
13,1,22.57619791982978,0.9069079607228706,115.93292025196807,135.82109700727972,114.35543542403343
14,1,23.02980417791528,1.3707534503372591,122.80010941715152,115.93292025196807,125.78953111420437
15,1,22.906034714725166,1.2823854840582736,117.43870355627996,122.80010941715152,105.96756935797619
16,1,18.19822848095052,1.0670162609866678,104.58249215969019,117.43870355627996,113.89677246385081
17,1,19.37347561308418,1.2384492092513266,110.18249909701244,104.58249215969019,113.34852721049685
18,1,20.57707212718054,1.3785155613013478,110.45325824805951,110.18249909701244,110.44181657085738
19,1,19.96732548251166,0.904140321651033,107.59099627439211,110.45325824805951,105.94649819935938
20,1,21.041018854449117,0.8270331615632387,104.66668250546583,107.59099627439211,100.68704986262692
21,1,20.86048090735144,1.1675933855635847,113.05831058294365,104.66668250546583,104.85263714994784
22,1,22.586589787472896,1.3078459419412587,123.45474168354063,113.05831058294365,119.92439476684248
23,1,23.550227539095314,1.2622851347766157,125.45761571648825,123.45474168354063,122.85815899373873
0,2,26.167782061659807,1.2978136488586345,136.15124700223203,125.45761571648825,111.3836140912833
1,2,26.548516068813814,0.935583314812933,130.25826138051698,136.15124700223203,139.6718365042095
2,2,27.837602662075202,1.3178342161750216,140.1945775237295,130.25826138051698,138.61853678313565
3,2,28.12365693981027,0.6202090553706084,131.8070733745165,140.1945775237295,139.78974225069462
4,2,28.842520794849698,1.0444890979608497,138.8038989647988,131.8070733745165,141.33851341111475
5,2,29.39707094362572,0.5057586604981216,133.89425247743412,138.8038989647988,147.7647114785062
6,2,30.394452142378295,0.8245858299002703,142.18093091082864,133.89425247743412,140.76802395376137
7,2,29.408644650625078,0.8664615348713979,140.1814276897512,142.18093091082864,144.7643967329982
8,2,29.619901875818606,0.8961726916092554,140.4378990873499,140.1814276897512,126.27609574729277
9,2,30.610934704578177,1.1954672066898622,141.55673421832614,140.4378990873499,139.37247066960475
10,2,28.371124703431693,0.8885581012703457,132.8672367090474,141.55673421832614,146.36746941735913
11,2,25.968071693344765,0.9486936226225307,128.7767409935887,132.8672367090474,117.02529935876169
12,2,26.201213922163944,0.7375441308743275,122.63287963780664,128.7767409935887,135.82109700727972
13,2,23.297829401465847,0.8732517916293401,113.38947876171541,122.63287963780664,115.93292025196807
14,2,20.461875464822146,0.7272696272631515,109.26626699750142,113.38947876171541,122.80010941715152
15,2,20.456379783149863,0.5731959237684436,97.70708568515964,109.26626699750142,117.43870355627996
16,2,18.799081060051954,1.103448593381378,108.9152515514673,97.70708568515964,104.58249215969019
17,2,19.81885738451335,1.1682127985550164,109.6242955628514,108.9152515514673,110.18249909701244
18,2,20.01841837918955,1.1194903460096146,105.48796174903998,109.6242955628514,110.45325824805951
19,2,21.84680818082994,0.9634940438005724,113.63017165260918,105.48796174903998,107.59099627439211
20,2,20.996800354841973,0.8797857801792298,102.34815178015472,113.63017165260918,104.66668250546583
21,2,21.2453655652584,1.3633336495718251,120.44379883091783,102.34815178015472,113.05831058294365
22,2,23.329405581183487,1.0190817851362182,120.04219381922026,120.44379883091783,123.45474168354063
23,2,21.494769465479507,0.979181877629731,112.97312540529849,120.04219381922026,125.45761571648825
0,3,25.235614558108566,0.5256420658064357,120.16146633253884,112.97312540529849,136.15124700223203
1,3,27.06496041939957,0.8412478276261564,127.79292829855062,120.16146633253884,130.25826138051698
2,3,26.02141375422016,0.8801956187858571,130.512820771997,127.79292829855062,140.1945775237295
3,3,29.679287949139667,0.8988227808969005,140.18706484439647,130.512820771997,131.8070733745165
4,3,29.668623426416605,1.0801723692273324,144.19802205081263,140.18706484439647,138.8038989647988
5,3,29.41434121754454,1.0336025467268786,146.59241645199668,144.19802205081263,133.89425247743412
6,3,30.632781866106285,1.1079050927934446,150.8041317497381,146.59241645199668,142.18093091082864
7,3,32.100321989249736,1.2648832615421282,148.9119715525182,150.8041317497381,140.1814276897512
8,3,29.51199327398069,1.3129857387160935,152.85697608876208,148.9119715525182,140.4378990873499
9,3,28.783754492233072,1.2181230762264943,139.01356235675448,152.85697608876208,141.55673421832614
10,3,27.040639100459757,1.4555236959549347,146.28939073304318,139.01356235675448,132.8672367090474
11,3,25.444250856047816,0.5182325826763616,122.22145922713082,146.28939073304318,128.7767409935887
12,3,25.830335816544245,0.6957779856835461,117.30333205611382,122.22145922713082,122.63287963780664
13,3,22.84982094857853,0.5075628749781421,107.03026608183094,117.30333205611382,113.38947876171541
14,3,22.571566237219393,1.147474714154603,114.77551275207303,107.03026608183094,109.26626699750142
15,3,20.986808647302148,1.398030548949987,117.21839737087237,114.77551275207303,97.70708568515964
16,3,21.148852806824202,0.7434822965762993,102.58299465477278,117.21839737087237,108.9152515514673
17,3,20.504032973841607,1.4270345447963066,117.22848017752669,102.58299465477278,109.6242955628514
18,3,21.0375399442579,0.5602673902895609,102.21135393266584,117.22848017752669,105.48796174903998
19,3,19.660354469699907,1.4344360268055143,117.53722264498928,102.21135393266584,113.63017165260918
20,3,20.39999804578444,0.8516226872396344,102.48569171878228,117.53722264498928,102.34815178015472
21,3,20.485702378284955,0.6014208284492165,100.30108789245517,102.48569171878228,120.44379883091783
22,3,22.055706739923885,0.9858717591863256,108.7785340869114,100.30108789245517,120.04219381922026
23,3,24.083205267532247,0.7567765677205079,113.29614123896089,108.7785340869114,112.97312540529849
0,4,25.75698861664535,0.7848729019619228,125.10599017182153,113.29614123896089,120.16146633253884
1,4,25.371929901334976,0.8072899649262866,129.3245980228656,125.10599017182153,127.79292829855062
2,4,28.36960592010566,1.3030258978326634,139.0966831812248,129.3245980228656,130.512820771997
3,4,29.891171764737688,1.0391612766752545,140.85924409738726,139.0966831812248,140.18706484439647
4,4,29.743561922145894,0.8113076991560036,139.29431459437947,140.85924409738726,144.19802205081263
5,4,31.706424944003405,1.1103337833109184,151.11926729357467,139.29431459437947,146.59241645199668
6,4,29.22621080089643,1.2161506742231936,145.34662452649178,151.11926729357467,150.8041317497381
7,4,28.584974428133922,0.7726240007335338,138.55387026722147,145.34662452649178,148.9119715525182
8,4,27.551406770017916,0.9135491015253515,135.6125315671745,138.55387026722147,152.85697608876208
9,4,30.03157821742192,0.6218860933369476,134.52858930081342,135.6125315671745,139.01356235675448
10,4,28.15436565635406,0.6811493495346803,131.57057104741284,134.52858930081342,146.28939073304318
11,4,26.23851055460215,1.1811178539649827,133.70683544896198,131.57057104741284,122.22145922713082
12,4,25.27996862631982,0.681438347695627,117.87954653497248,133.70683544896198,117.30333205611382
13,4,22.58041572718902,1.0251633836670602,117.74707926491654,117.87954653497248,107.03026608183094
14,4,24.945751979616826,1.2090462617224327,123.8073403160663,117.74707926491654,114.77551275207303
15,4,21.593687276042495,0.6068769230947438,102.14381211246803,123.8073403160663,117.21839737087237
16,4,20.7792677756827,1.0673122196289035,108.4681377180978,102.14381211246803,102.58299465477278
17,4,20.896137492453352,0.7565627837013638,107.06021390755745,108.4681377180978,117.22848017752669
18,4,20.481009231736714,1.4629268752375797,116.90331431204875,107.06021390755745,102.21135393266584
19,4,20.394254892833786,0.9835456467199247,104.91372350308791,116.90331431204875,117.53722264498928
20,4,19.879398525632496,1.305992549775158,114.30925722245598,104.91372350308791,102.48569171878228
21,4,21.93593445120326,1.0502265421562618,111.80387346439825,114.30925722245598,100.30108789245517
22,4,24.38202449647503,0.5434125328548192,113.15167356280635,111.80387346439825,108.7785340869114
23,4,25.05132482064237,1.1331513755940223,126.28641327873426,113.15167356280635,113.29614123896089
0,5,26.593186626639397,1.451403342206657,131.89253366539924,126.28641327873426,125.10599017182153
1,5,25.782879549081418,1.1016118201463312,127.5293367295455,131.89253366539924,129.3245980228656
2,5,26.51039517974142,1.3191888594267902,129.69193909181314,127.5293367295455,139.0966831812248
3,5,28.409746985833088,1.384206463348408,138.1943886437704,129.69193909181314,140.85924409738726
4,5,29.385851931210887,0.7280797719489325,128.41177832004766,138.1943886437704,139.29431459437947
5,5,30.92382064991629,0.7120448399082266,136.17662564517892,128.41177832004766,151.11926729357467
6,5,28.30753537028518,1.1109809888509918,144.03223551604546,136.17662564517892,145.34662452649178
7,5,31.359179450905955,0.9110284698067047,147.29208699941458,144.03223551604546,138.55387026722147
8,5,29.172119120343204,1.3398613028667203,145.71587164018746,147.29208699941458,135.6125315671745
9,5,28.108652835985318,1.4000231233980112,142.7913693766297,145.71587164018746,134.52858930081342
10,5,26.48789562473983,0.8534213793027181,119.6410456330758,142.7913693766297,131.57057104741284
11,5,24.639238553646837,0.7368705589744821,114.97605733860645,119.6410456330758,133.70683544896198
12,5,25.823170583961915,1.2805255152438617,124.89350021707634,114.97605733860645,117.87954653497248
13,5,23.779222741675802,0.7748060355481361,108.60383294853577,124.89350021707634,117.74707926491654
14,5,21.210039100258946,1.3226143185136783,113.36793311503709,108.60383294853577,123.8073403160663
15,5,20.16938732200365,0.9237382536487628,100.32620017202572,113.36793311503709,102.14381211246803
16,5,20.334088281787682,1.1675498992914703,99.42102108043302,100.32620017202572,108.4681377180978
17,5,21.83939239384405,0.5955353138346682,98.17396356984338,99.42102108043302,107.06021390755745
18,5,19.740408648636397,1.1238593246765731,98.73977471358484,98.17396356984338,116.90331431204875
19,5,18.66722791543655,0.9517676787372291,97.42829173506043,98.73977471358484,104.91372350308791
20,5,20.424129916991866,1.086608463175474,110.14242306889875,97.42829173506043,114.30925722245598
21,5,21.19174252431959,0.6680142077448634,95.91454761691172,110.14242306889875,111.80387346439825
22,5,19.803113357058425,1.236873744944182,101.7528390447615,95.91454761691172,113.15167356280635
23,5,23.651609907969583,1.3627970775432285,121.1129582501382,101.7528390447615,126.28641327873426
0,6,24.76906546979132,0.7167398000907756,117.17580584639387,121.1129582501382,131.89253366539924
1,6,26.99030159032602,0.5957145555201617,124.35812710474227,117.17580584639387,127.5293367295455
2,6,29.348956094945343,0.5236385860463364,120.48203512746016,124.35812710474227,129.69193909181314
3,6,29.662098935480493,1.141971500443266,140.72479336140137,120.48203512746016,138.1943886437704
4,6,29.06123832836736,1.1070940360887809,137.52868004601456,140.72479336140137,128.41177832004766
5,6,28.72310322270367,1.04669741271407,137.72156789966704,137.52868004601456,136.17662564517892
6,6,32.57335980324986,0.7319470961159754,147.71869156987032,137.72156789966704,144.03223551604546
7,6,29.88884756545983,0.8909059959055147,132.74616232673517,147.71869156987032,147.29208699941458
8,6,29.34405631083514,1.094476335186173,139.99911234772185,132.74616232673517,145.71587164018746
9,6,28.511408818822733,0.9967668588591694,135.43230214199062,139.99911234772185,142.7913693766297
10,6,27.698084760767856,1.4877855202148873,143.40923890065147,135.43230214199062,119.6410456330758
11,6,26.149734813588665,0.6364397525567331,117.9104045897499,143.40923890065147,114.97605733860645
12,6,24.426337993119763,1.1951445540475938,123.6797186857037,117.9104045897499,124.89350021707634
13,6,23.159045833247006,0.9043187681042921,110.64133087528927,123.6797186857037,108.60383294853577
14,6,22.467246729784,0.9281996149256148,109.30586658181562,110.64133087528927,113.36793311503709
15,6,20.9210413229335,1.2175977656581762,108.09339332067283,109.30586658181562,100.32620017202572
16,6,19.957027198400645,1.1924361513243698,106.96723905501246,108.09339332067283,99.42102108043302
17,6,20.276801096246555,1.4912559937021883,109.61063279551529,106.96723905501246,98.17396356984338
18,6,19.745022782579145,0.6283942894541252,93.18923253594735,109.61063279551529,98.73977471358484
19,6,21.674363857137344,0.6041096493841663,95.68387399801239,93.18923253594735,97.42829173506043
20,6,18.018903172684798,1.224338817128741,105.24247940241652,95.68387399801239,110.14242306889875
21,6,22.555972945989723,1.078386917006409,109.4544352494767,105.24247940241652,95.91454761691172
22,6,23.746085192497624,0.7741606665598059,102.6562863115707,109.4544352494767,101.7528390447615
23,6,21.632514542079242,0.5794193689889866,106.05099051505498,102.6562863115707,121.1129582501382
0,0,24.65731240591965,0.5856582495964305,113.31059290118006,106.05099051505498,117.17580584639387
1,0,25.922654359516812,1.3941908746641183,135.35601764739476,113.31059290118006,124.35812710474227
2,0,26.092488305282178,0.6918673247187429,124.23533922280873,135.35601764739476,120.48203512746016
3,0,27.757717218341863,0.8233715621155208,138.17724777037208,124.23533922280873,140.72479336140137
4,0,28.219551173456363,0.726656402226988,128.22546178736076,138.17724777037208,137.52868004601456
5,0,31.581899574868963,0.8549963058319373,154.33622913024735,128.22546178736076,137.72156789966704
6,0,30.935678393147462,0.5694238427460934,141.42800406841496,154.33622913024735,147.71869156987032
7,0,31.1011842264395,1.0190597909082704,147.9125392763226,141.42800406841496,132.74616232673517
8,0,30.05179908296543,0.5676125635922149,134.9514214737707,147.9125392763226,139.99911234772185
9,0,27.40648213471551,1.3003565078223616,143.74782446231671,134.9514214737707,135.43230214199062
10,0,26.975479733720228,0.733712081910433,130.18856839078714,143.74782446231671,143.40923890065147
11,0,26.783469786740525,1.0400119146045106,133.89101507444667,130.18856839078714,117.9104045897499
12,0,23.777872191108056,1.3800790875614584,131.82413953145561,133.89101507444667,123.6797186857037
13,0,24.418903204659784,1.150877369047194,124.53590538300398,131.82413953145561,110.64133087528927
14,0,22.259674601841866,1.0329577865513353,114.58648967378846,124.53590538300398,109.30586658181562
15,0,21.08964528651767,0.8243337531153756,106.14107797251685,114.58648967378846,108.09339332067283
16,0,21.3808329492813,0.8330019130581979,105.17672528082413,106.14107797251685,106.96723905501246
17,0,20.6146341800407,1.1694869551981901,113.36105949175571,105.17672528082413,109.61063279551529
18,0,19.63903383418092,1.4941393612211675,115.94152505962778,113.36105949175571,93.18923253594735
19,0,21.329700671918904,1.1618391898493785,102.41576097394184,115.94152505962778,95.68387399801239
20,0,19.588809653477913,1.057783417370025,108.64073594610124,102.41576097394184,105.24247940241652
21,0,22.080401701011525,1.2306505102392462,117.28695437909883,108.64073594610124,109.4544352494767
22,0,23.09310125796838,0.9652056122837182,115.43418849227342,117.28695437909883,102.6562863115707
23,0,23.396358335173403,0.5601423426007852,109.24181771207064,115.43418849227342,106.05099051505498
0,1,25.326133022242118,1.0622968158779098,130.2705405220005,109.24181771207064,113.31059290118006
1,1,25.0429816491273,1.4576252845053803,139.669238825756,130.2705405220005,135.35601764739476
2,1,28.4240270192069,0.6753029423576596,128.03547988209615,139.669238825756,124.23533922280873
3,1,28.35063176948975,1.1900048908206657,143.7935860286319,128.03547988209615,138.17724777037208
4,1,28.807403998403153,0.7009336886590565,132.37876560420796,143.7935860286319,128.22546178736076
5,1,30.87863835728223,1.0358276844730812,142.99423417254997,132.37876560420796,154.33622913024735
6,1,29.29565630945724,0.5966764496467196,133.64468993807898,142.99423417254997,141.42800406841496
7,1,28.421167835081782,0.9503709362581851,143.09619307536624,133.64468993807898,147.9125392763226
8,1,27.77349784539829,1.256163328895246,147.18989144267414,143.09619307536624,134.9514214737707
9,1,29.14154385727838,0.8475715242389821,138.84484227149377,147.18989144267414,143.74782446231671
10,1,26.219570647503716,1.164911724487218,137.9126631452958,138.84484227149377,130.18856839078714
11,1,28.048889407496972,1.2954499607897292,141.1435033431586,137.9126631452958,133.89101507444667
12,1,22.91807059211628,1.4271778194794527,127.45525278815275,141.1435033431586,131.82413953145561
13,1,25.402361142777437,0.7346420818554535,119.20514110566056,127.45525278815275,124.53590538300398
14,1,22.71101746720262,0.8993159158093081,115.80958182627445,119.20514110566056,114.58648967378846
15,1,21.367752982196873,0.6524160133304174,105.97563240857734,115.80958182627445,106.14107797251685
16,1,20.12495389426886,1.4924835021583753,120.00606390828477,105.97563240857734,105.17672528082413
17,1,20.56950698290673,1.4270009679242954,117.14468660301188,120.00606390828477,113.36105949175571
18,1,19.96236529757515,1.0399571302805595,106.77821782338624,117.14468660301188,115.94152505962778
19,1,21.273672750571176,1.3420332943764213,117.93920384072938,106.77821782338624,102.41576097394184
20,1,20.78410062973985,1.020957977272042,108.24754298932896,117.93920384072938,108.64073594610124
21,1,21.61476785552914,1.1235856880027597,110.98455770556484,108.24754298932896,117.28695437909883
22,1,22.13638778778614,0.5891244321160166,105.56606332606131,110.98455770556484,115.43418849227342
23,1,23.648959150766327,1.255270420496808,122.58042832602426,105.56606332606131,109.24181771207064
